EmployeeID,Years_Experience,Salary,JobTitle
1,7.490802377,46690.38463,Customer Support Representative
2,19.01428613,77409.42645,Marketing Manager
3,14.63987884,64031.87686,Product Designer
4,11.97316968,51061.82109,Marketing Manager
5,3.120372809,31748.67226,Data Analyst
6,3.119890407,38699.37667,Financial Analyst
7,1.161672243,25722.17845,Product Designer
8,17.32352292,73804.33966,Customer Support Representative
9,12.02230023,59941.80107,Marketing Manager
10,14.16145156,55977.02485,Sales Associate
11,0.411689886,22257.70713,Sales Associate
12,19.39819704,75565.75596,Marketing Manager
13,16.64885282,62725.00641,Financial Analyst
14,4.246782214,44682.64599,Financial Analyst
15,3.636499344,29300.86039,Marketing Manager
16,3.668090197,34339.30528,Financial Analyst
17,6.084844859,42195.90822,Sales Associate
18,10.49512863,51225.16023,Financial Analyst
19,8.638900373,45027.47339,Product Designer
20,5.824582804,44763.41527,HR Specialist
21,12.23705789,49136.01364,Financial Analyst
22,2.789877213,34867.857,Financial Analyst
23,5.842892971,42287.2641,Product Designer
24,7.327236866,47226.6679,Customer Support Representative
25,9.121399684,51800.87376,Product Designer
26,15.70351923,55783.828,Project Manager
27,3.993475643,30316.38043,Financial Analyst
28,10.28468877,56957.76165,DevOps Engineer
29,11.84829138,55358.15281,Project Manager
30,0.929008254,28115.58383,Customer Support Representative
31,12.15089704,62057.55395,Financial Analyst
32,3.410482474,37399.33812,Marketing Manager
33,1.30103186,38498.54964,Marketing Manager
34,18.97771075,68293.0139,Financial Analyst
35,19.31264066,78929.02095,Customer Support Representative
36,16.16794696,71112.59814,DevOps Engineer
37,6.092275383,40939.73002,Data Analyst
38,1.95344228,38764.73932,Customer Support Representative
39,13.68466053,60596.20081,Software Engineer
40,8.803049875,54449.25754,DevOps Engineer
41,2.440764697,30056.91209,HR Specialist
42,9.903538202,53237.3337,Financial Analyst
43,0.687770422,36667.66328,Sales Associate
44,18.18640804,57579.11865,Product Designer
45,5.175599632,34434.9067,Software Engineer
46,13.25044569,46304.73049,Data Analyst
47,6.234221522,41121.40887,Data Analyst
48,10.40136042,54390.43213,HR Specialist
49,10.93420559,59380.19643,HR Specialist
50,3.697089111,37764.65212,HR Specialist
51,19.39169256,76926.46284,Project Manager
52,15.50265647,54104.80564,Sales Associate
53,18.78997883,59063.04547,DevOps Engineer
54,17.89654701,65515.35552,Customer Support Representative
55,11.95799958,55836.3264,Marketing Manager
56,18.4374847,66711.49566,Financial Analyst
57,1.769850041,23202.48958,Product Designer
58,3.919657248,37393.7143,Software Engineer
59,0.904545778,25286.74405,Project Manager
60,6.506606615,46361.57597,Product Designer
61,7.773545794,47380.08282,DevOps Engineer
62,5.426980635,36154.56234,Project Manager
63,16.57475018,60580.16578,HR Specialist
64,7.135066534,38974.06546,Product Designer
65,5.618690194,40923.9849,Marketing Manager
66,10.85392166,56483.55493,Software Engineer
67,2.818484499,30708.33877,Customer Support Representative
68,16.04393962,64608.11181,HR Specialist
69,1.491012874,30330.73766,DevOps Engineer
70,19.73773873,65511.1133,HR Specialist
71,15.44489539,60354.63897,Product Designer
72,3.974313631,32772.41565,Customer Support Representative
73,0.110442342,27452.63816,Customer Support Representative
74,16.30922857,56629.06768,Financial Analyst
75,14.13714688,68097.91942,Data Analyst
76,14.58014336,59336.60448,Project Manager
77,15.42540693,57352.18633,Product Designer
78,1.480893035,34031.68562,Data Analyst
79,7.169314571,43776.98889,Data Analyst
80,2.317381191,33529.91438,Software Engineer
81,17.26206852,67594.97054,Financial Analyst
82,12.46596254,58719.46362,Project Manager
83,6.617960497,40583.41526,HR Specialist
84,1.271167006,29663.24281,Marketing Manager
85,6.219646434,41064.03438,Product Designer
86,6.503666441,31497.72706,Project Manager
87,14.59212357,51608.29182,HR Specialist
88,12.75114943,62336.67019,Financial Analyst
89,17.74425485,73713.34827,Marketing Manager
90,9.444298503,47643.41681,Product Designer
91,2.391884919,37666.55465,Data Analyst
92,14.26489574,60086.04226,Product Designer
93,15.21570097,75825.80599,Financial Analyst
94,11.22554395,58048.96246,HR Specialist
95,15.4193436,60199.09924,Data Analyst
96,9.875911927,44974.12165,Software Engineer
97,10.45465659,42877.08157,Marketing Manager
98,8.550820367,48118.95891,Project Manager
99,0.508382535,27235.01134,Customer Support Representative
100,2.15782854,27204.38853,Customer Support Representative
101,0.628583714,28024.30301,Project Manager
102,12.72820823,50048.67643,DevOps Engineer
103,6.287119622,51009.94742,Marketing Manager
104,10.17141382,54751.02643,Project Manager
105,18.15132948,66262.79575,HR Specialist
106,4.985844583,47371.40986,DevOps Engineer
107,8.207658461,46802.15846,Project Manager
108,15.11102277,55915.62454,Sales Associate
109,4.57596331,46767.54701,Sales Associate
110,1.539598197,35773.74661,Project Manager
111,5.795029058,36403.82734,Software Engineer
112,3.224425745,35497.1581,Customer Support Representative
113,18.59395305,62809.81483,Marketing Manager
114,16.16240759,55410.81653,Product Designer
115,12.66807513,59967.038,HR Specialist
116,17.4292118,74405.50681,HR Specialist
117,16.07344154,55154.04521,Financial Analyst
118,3.731401178,40277.64854,Customer Support Representative
119,17.85117997,62449.14709,DevOps Engineer
120,10.78684484,49138.06276,DevOps Engineer
121,16.1488031,59335.63659,Product Designer
122,17.921826,61523.69815,Financial Analyst
123,6.360069499,42962.74714,Product Designer
124,2.201038491,30247.3264,Marketing Manager
125,4.558703251,40469.69063,Data Analyst
126,8.542155773,46833.121,DevOps Engineer
127,16.36029532,61525.8504,Financial Analyst
128,17.21461167,59891.40502,Marketing Manager
129,0.139042611,27394.22857,Project Manager
130,10.21494605,54206.84823,Project Manager
131,8.348220063,49201.02606,Project Manager
132,4.442156209,33996.53619,Product Designer
133,2.397307347,35291.27622,Software Engineer
134,6.752303428,47261.54247,Financial Analyst
135,18.85819408,59369.36175,Data Analyst
136,6.46405864,45644.91824,HR Specialist
137,10.37581243,47438.50608,HR Specialist
138,14.06037918,60973.7517,HR Specialist
139,7.272592048,40728.88831,Data Analyst
140,19.43564165,59846.87281,Data Analyst
141,19.2489459,60360.17961,Product Designer
142,5.035645917,40311.71657,HR Specialist
143,9.944970118,51188.55274,Product Designer
144,6.017566196,37513.54927,DevOps Engineer
145,5.696809888,44586.58207,DevOps Engineer
146,0.737738947,23167.87758,Project Manager
147,12.19128668,54052.17437,Product Designer
148,10.05358046,44052.07993,Data Analyst
149,1.029575025,28799.96951,Marketing Manager
150,5.572929285,41382.85193,Sales Associate
151,18.16531772,62028.56861,HR Specialist
152,4.791237813,37659.69791,Data Analyst
153,2.897897442,40827.25893,Project Manager
154,9.789055206,46693.65106,Marketing Manager
155,19.71300908,73604.47872,Data Analyst
156,4.84110543,34033.67659,Financial Analyst
157,13.44271095,59534.44279,Software Engineer
158,15.23239231,67672.62772,DevOps Engineer
159,4.75275088,27147.27926,DevOps Engineer
160,14.56432697,55144.17767,Sales Associate
161,7.355662654,47596.68594,Software Engineer
162,12.64611661,54277.00629,DevOps Engineer
163,12.67059422,57196.9178,HR Specialist
164,10.71549368,48411.06143,Financial Analyst
165,1.805795401,34044.53974,Product Designer
166,16.70604991,62633.71365,Financial Analyst
167,6.415601299,48670.11291,HR Specialist
168,3.730370208,38732.84463,Product Designer
169,0.815502831,33319.01897,HR Specialist
170,11.81785886,51576.3329,Project Manager
171,13.55128724,54664.54335,HR Specialist
172,0.331756579,28500.72222,Customer Support Representative
173,10.24186117,52455.98304,Project Manager
174,4.529915504,36954.9086,Sales Associate
175,12.90345581,57255.7859,HR Specialist
176,3.48732858,47351.66115,Product Designer
177,13.81875476,61993.13304,Software Engineer
178,7.734706926,43839.29619,Sales Associate
179,18.73459977,73475.26916,Software Engineer
180,2.750418883,33460.4609,Data Analyst
181,6.821327021,33452.03137,Financial Analyst
182,2.269470425,29498.5093,DevOps Engineer
183,18.49387237,57633.78513,Project Manager
184,17.54678707,63336.00672,Data Analyst
185,5.158832554,40409.757,Sales Associate
186,13.19968092,64781.5484,Project Manager
187,16.344444,64323.52488,Sales Associate
188,11.10401623,51112.52982,Data Analyst
189,10.59301157,55333.05104,Customer Support Representative
190,4.837045818,28618.41509,Marketing Manager
191,1.862055356,34902.1835,Marketing Manager
192,17.94431516,69742.95629,Financial Analyst
193,18.00836114,58623.79106,Financial Analyst
194,12.66202915,61042.82851,Sales Associate
195,6.780595821,45253.67368,DevOps Engineer
196,6.984191492,41891.94342,Data Analyst
197,14.51911358,62202.13649,HR Specialist
198,17.9422052,77237.87469,Data Analyst
199,17.74172849,66392.78825,DevOps Engineer
200,15.59751092,62436.12477,Financial Analyst
201,12.84063292,53384.46135,Project Manager
202,1.6827993,29116.37675,Sales Associate
203,3.232574282,40616.82765,DevOps Engineer
204,17.97108377,61661.74841,Project Manager
205,12.12858119,54614.99357,Customer Support Representative
206,0.183941032,27979.59483,Software Engineer
207,2.029430857,36453.76084,DevOps Engineer
208,13.27003538,58208.38129,Marketing Manager
209,0.101231677,35390.16308,Marketing Manager
210,3.216161028,33882.24006,Customer Support Representative
211,10.97467579,50599.9769,DevOps Engineer
212,13.83790395,52781.98933,Project Manager
213,13.03922519,53856.98408,DevOps Engineer
214,4.485386189,40857.27484,DevOps Engineer
215,14.24358443,62272.11194,Software Engineer
216,4.74498175,34879.13688,Product Designer
217,6.507993963,47364.01753,Financial Analyst
218,14.9298281,66637.8455,Financial Analyst
219,12.99265798,58052.49048,Data Analyst
220,16.98446821,73352.91548,Marketing Manager
221,13.15225785,52435.5697,HR Specialist
222,11.36617207,46509.07062,Financial Analyst
223,1.873495357,24853.38947,Sales Associate
224,7.354316061,52188.85368,Financial Analyst
225,5.304047354,43879.92299,Marketing Manager
226,4.879792868,39481.66238,Customer Support Representative
227,19.4602111,70320.26532,Software Engineer
228,7.861954493,40096.46375,Customer Support Representative
229,17.8409311,77910.62211,Sales Associate
230,12.62277252,55891.65095,Marketing Manager
231,15.89622607,62339.42611,HR Specialist
232,10.05274186,53734.31684,Project Manager
233,11.53807769,55481.20154,Data Analyst
234,9.850353876,50820.12787,Product Designer
235,3.904859756,33857.34723,Customer Support Representative
236,14.44904231,61255.4264,Financial Analyst
237,5.615447249,50641.01698,Project Manager
238,0.486319329,37699.73889,HR Specialist
239,12.90944592,63784.82497,Project Manager
240,3.542213588,34528.34879,Marketing Manager
241,18.80917169,62670.31927,Project Manager
242,19.07857154,67528.20848,Marketing Manager
243,18.2972878,66873.20017,HR Specialist
244,7.403174005,50277.3056,Software Engineer
245,0.309132331,22155.94151,Software Engineer
246,18.56637125,74780.4941,DevOps Engineer
247,8.563682966,46337.32644,Marketing Manager
248,19.33309638,66531.78741,Marketing Manager
249,19.27239954,63484.27721,Software Engineer
250,17.06018911,55846.09486,HR Specialist
251,5.888977841,45893.8086,Financial Analyst
252,7.701954572,45770.49898,Project Manager
253,17.02273343,57595.66236,Sales Associate
254,6.338440103,36201.48635,Data Analyst
255,3.389854934,35100.78637,Customer Support Representative
256,11.13602525,60617.15812,Customer Support Representative
257,18.72309548,66148.23421,Project Manager
258,13.92059593,50325.4771,Sales Associate
259,11.4012234,51573.73148,Product Designer
260,1.943529875,32523.4419,Financial Analyst
261,12.30014453,41115.85585,Project Manager
262,19.801077,69330.67967,Project Manager
263,2.801680305,34448.68796,Data Analyst
264,10.36659305,54214.21792,Sales Associate
265,17.54746144,74339.70335,HR Specialist
266,14.81537236,65263.56986,HR Specialist
267,13.94031482,56536.18619,Sales Associate
268,14.04968168,52566.73382,Marketing Manager
269,7.189823024,57246.44507,Financial Analyst
270,5.871836885,42039.76594,Project Manager
271,16.18722311,62444.09268,Customer Support Representative
272,16.20226789,62283.91035,Data Analyst
273,17.34144637,65673.31655,Project Manager
274,18.26481105,65807.82004,Data Analyst
275,10.22684798,47585.38592,HR Specialist
276,10.03032589,47326.35708,Data Analyst
277,15.96590358,61768.04081,Data Analyst
278,12.99927862,53281.43338,Marketing Manager
279,14.03933755,54514.44618,Financial Analyst
280,15.91585339,62363.85792,Sales Associate
281,17.80010684,64325.32759,Sales Associate
282,6.759903137,51039.77122,Customer Support Representative
283,7.511659053,31768.46906,Data Analyst
284,1.879638797,39216.81185,HR Specialist
285,11.56560282,59361.6316,Financial Analyst
286,0.718845476,21070.73979,Software Engineer
287,9.311960363,46910.48275,Marketing Manager
288,10.85289269,49848.58106,Marketing Manager
289,5.730825043,34424.09161,Financial Analyst
290,11.81666521,49744.24698,Sales Associate
291,0.610004999,25667.13077,Marketing Manager
292,0.746963775,40255.27977,Project Manager
293,16.45201121,67582.41439,HR Specialist
294,7.203812828,50765.40113,DevOps Engineer
295,2.541210253,38690.78083,HR Specialist
296,10.4448652,45244.47155,Marketing Manager
297,15.39987106,58177.14079,Software Engineer
298,4.31642055,41079.71391,HR Specialist
299,12.45780952,48804.97999,Customer Support Representative
300,1.7069493,36978.89075,Customer Support Representative
301,1.033634423,30865.64186,Software Engineer
302,10.62709263,49380.08122,Data Analyst
303,10.81270243,55180.20471,Software Engineer
304,12.74859803,57718.51262,Customer Support Representative
305,14.52182667,57238.82252,Customer Support Representative
306,19.51704159,74830.7322,Product Designer
307,10.32600697,45246.69729,Product Designer
308,6.459129459,45997.93695,Sales Associate
309,15.9037239,64772.95408,HR Specialist
310,5.416645025,39285.55785,Financial Analyst
311,8.779428414,49189.52194,Financial Analyst
312,1.569127627,26882.68737,Sales Associate
313,0.507014868,35634.16483,Sales Associate
314,19.25296829,67581.4259,HR Specialist
315,16.71960241,60825.58972,Data Analyst
316,13.91948412,63084.01437,Marketing Manager
317,8.179058888,42836.39932,Data Analyst
318,3.465886401,29889.46632,Product Designer
319,3.128740853,28474.33584,HR Specialist
320,5.004857963,43039.76568,DevOps Engineer
321,10.98453329,45566.91983,Marketing Manager
322,14.29191845,67357.80782,HR Specialist
323,13.20394753,45998.24803,Product Designer
324,5.598677939,49679.63772,Data Analyst
325,19.09730561,69249.69856,Financial Analyst
326,14.75793833,59032.31111,Project Manager
327,11.08708105,49449.56667,DevOps Engineer
328,12.23441492,56464.51042,Data Analyst
329,8.392001249,46595.82898,Customer Support Representative
330,4.95461979,45425.74899,HR Specialist
331,7.119453573,44810.04539,Customer Support Representative
332,15.15692221,61065.35323,Sales Associate
333,0.287869773,28757.67848,DevOps Engineer
334,2.32145281,34358.1775,Marketing Manager
335,0.92005284,33379.11453,Sales Associate
336,0.814576046,23078.31013,Sales Associate
337,17.10921168,57477.49625,Marketing Manager
338,14.07315719,61862.63485,Software Engineer
339,9.483476582,49821.28035,Product Designer
340,1.956683213,32993.44974,Sales Associate
341,9.832317502,49756.80467,HR Specialist
342,9.469435416,50676.77936,Customer Support Representative
343,3.464037398,34229.27639,HR Specialist
344,8.677032985,43462.54234,Product Designer
345,7.970094688,46919.41565,Sales Associate
346,12.31700196,49742.14003,Product Designer
347,12.70187302,57445.00981,HR Specialist
348,0.906080195,23299.24237,Project Manager
349,7.492252293,50130.28277,Data Analyst
350,12.51719831,57397.38404,Project Manager
351,10.06272517,51405.59901,Software Engineer
352,17.12979682,69173.04857,Project Manager
353,13.17387263,64675.11749,Software Engineer
354,3.258688542,41589.22741,Product Designer
355,1.411374948,23618.37874,Customer Support Representative
356,12.84838556,49298.88629,Project Manager
357,0.530226211,27936.35953,Data Analyst
358,11.71551163,53561.4785,Project Manager
359,18.80460483,70197.50476,Marketing Manager
360,11.50948356,49390.24805,Product Designer
361,7.763398524,46460.63087,Financial Analyst
362,12.86576437,51954.61408,HR Specialist
363,9.16505781,45272.5266,Data Analyst
364,10.91233579,44791.36609,Data Analyst
365,18.82929618,63042.42612,DevOps Engineer
366,7.722052756,38685.68248,Marketing Manager
367,19.22381128,63568.25629,Marketing Manager
368,18.10701284,71482.23466,Financial Analyst
369,3.915822696,33084.65095,Customer Support Representative
370,1.387226018,45936.36236,Software Engineer
371,2.015560028,36497.70956,Product Designer
372,0.364436513,31653.05364,Marketing Manager
373,1.888859215,29485.92953,DevOps Engineer
374,13.66013547,60821.82033,Sales Associate
375,1.423772969,29969.35681,Data Analyst
376,6.379512606,43369.07428,Product Designer
377,16.89750622,76595.43513,Product Designer
378,0.465438715,30450.57793,DevOps Engineer
379,16.28936965,68325.10593,HR Specialist
380,5.637095495,37758.30887,Sales Associate
381,2.363296552,34551.65065,DevOps Engineer
382,13.93474331,66723.48979,Software Engineer
383,12.57885694,52022.87858,Project Manager
384,17.54944027,74161.12333,Customer Support Representative
385,14.70142088,62941.60143,Project Manager
386,16.06961861,59326.90334,Financial Analyst
387,5.640691451,44443.4216,DevOps Engineer
388,3.548790876,41960.354,Software Engineer
389,15.01229503,63133.63988,DevOps Engineer
390,16.13669479,54422.26597,Marketing Manager
391,19.81010284,65984.5198,Project Manager
392,8.252353538,45267.1139,Sales Associate
393,7.440361716,44508.55629,Marketing Manager
394,15.52825921,64159.87892,Financial Analyst
395,6.816070805,44520.64661,Software Engineer
396,18.61514651,60553.57123,Data Analyst
397,17.16825504,66237.49933,Data Analyst
398,8.579880548,50212.68982,Software Engineer
399,15.01742136,62833.79495,Product Designer
400,15.09085748,65585.61859,Data Analyst
401,2.062477377,38294.56553,Project Manager
402,18.05105813,68398.01666,HR Specialist
403,10.10504745,49859.26634,Financial Analyst
404,16.52914932,54753.49398,Project Manager
405,6.400992021,44950.07514,Customer Support Representative
406,17.91046457,66859.36758,Software Engineer
407,7.784033575,46925.96134,HR Specialist
408,0.21675303,24049.76318,Marketing Manager
409,18.10763953,60809.99635,DevOps Engineer
410,1.825733536,38917.23134,Project Manager
411,6.386272752,42574.76973,Financial Analyst
412,19.00123934,71409.98217,Data Analyst
413,19.01214294,68165.87776,Software Engineer
414,11.46875776,53086.29622,Customer Support Representative
415,12.63674424,59964.90752,Sales Associate
416,8.96891044,45357.59724,Financial Analyst
417,5.864215434,42209.03475,Customer Support Representative
418,6.573290907,40835.20537,Data Analyst
419,13.45036912,54728.25711,Sales Associate
420,15.04749059,58549.12056,Product Designer
421,15.83158087,62773.83061,Software Engineer
422,15.79236286,59190.9826,Marketing Manager
423,1.824122061,39927.02475,Sales Associate
424,9.888406094,45303.77568,Marketing Manager
425,1.1511752,31367.99218,Financial Analyst
426,10.99057765,49782.5,HR Specialist
427,8.830610027,54896.10948,Customer Support Representative
428,17.75408366,66490.94119,Software Engineer
429,7.018300251,49195.8232,Software Engineer
430,2.341340329,27254.87879,Software Engineer
431,2.859833641,37054.91861,Data Analyst
432,15.23021263,64908.57925,Customer Support Representative
433,12.36436127,55140.14248,HR Specialist
434,2.022453522,39372.30892,Sales Associate
435,1.682136122,30777.82999,HR Specialist
436,14.01938263,65085.50246,Product Designer
437,1.455260127,44405.01087,Product Designer
438,16.43720119,61060.20957,Project Manager
439,14.12484454,56022.17648,Customer Support Representative
440,1.626975613,40520.87361,Financial Analyst
441,1.696754282,41291.36929,Customer Support Representative
442,19.73279157,66851.283,Customer Support Representative
443,7.485415915,42869.89774,Sales Associate
444,7.412842941,43416.76284,Customer Support Representative
445,16.25599135,55789.73014,Marketing Manager
446,18.94497155,63296.68336,Product Designer
447,19.72002128,64419.33872,Data Analyst
448,15.06756371,56296.13958,Project Manager
449,7.525191711,44876.95898,Data Analyst
450,1.670014334,34511.10233,Customer Support Representative
451,15.54293832,68838.3791,Customer Support Representative
452,11.16808499,47344.39979,HR Specialist
453,8.484440185,51890.49236,Customer Support Representative
454,18.1270877,65184.23118,HR Specialist
455,2.223949646,34200.58074,Customer Support Representative
456,9.852502086,53079.10163,DevOps Engineer
457,0.227072895,24840.53568,DevOps Engineer
458,9.37321284,50658.47441,Software Engineer
459,1.126065514,33084.39207,Product Designer
460,2.376358325,37214.97297,HR Specialist
461,2.350524936,36146.89309,Financial Analyst
462,12.98420604,68244.91278,Marketing Manager
463,14.92089759,56653.09525,DevOps Engineer
464,11.6673753,50679.76583,HR Specialist
465,19.24345097,65371.19931,Customer Support Representative
466,7.49741159,42217.43759,Data Analyst
467,5.714241726,38241.54781,Marketing Manager
468,17.37198256,70689.04778,Financial Analyst
469,4.47191677,46046.35478,Customer Support Representative
470,19.26445079,65675.17011,Data Analyst
471,0.243089494,26324.40112,Data Analyst
472,19.39757653,71152.23085,Marketing Manager
473,0.863198239,28965.28126,Marketing Manager
474,17.82286227,68810.38364,Software Engineer
475,10.55402218,52122.65947,Sales Associate
476,19.85929592,62139.87127,Data Analyst
477,1.475931295,40689.3886,Product Designer
478,11.07708569,61133.55974,Financial Analyst
479,19.38605071,65708.15797,Customer Support Representative
480,10.46195688,48985.40597,Financial Analyst
481,12.58797276,56605.27248,Product Designer
482,13.91497378,59502.23151,Software Engineer
483,9.090821295,51474.36395,Data Analyst
484,12.5511616,65153.3459,Financial Analyst
485,11.68628624,52487.83634,Financial Analyst
486,18.02316021,62054.8342,Marketing Manager
487,0.908927607,24921.25907,Marketing Manager
488,5.619263792,37583.87738,Data Analyst
489,19.00822968,67850.8245,Data Analyst
490,17.80527568,74583.34067,Marketing Manager
491,9.113135056,45638.21362,Marketing Manager
492,12.40265196,55924.24367,Marketing Manager
493,5.54762366,41013.13284,DevOps Engineer
494,3.762423194,43466.81276,Sales Associate
495,9.273968099,61182.59833,Financial Analyst
496,7.067044561,41479.74526,Software Engineer
497,11.67312224,50899.04726,Financial Analyst
498,1.554692739,38330.18986,Project Manager
499,19.48789615,72385.24975,Project Manager
500,19.72421489,78681.96641,Customer Support Representative
